Treatment,Tooth 1,Tooth 2,Tooth 3,Tooth 4,Tooth 5,Tooth 6,Tooth 7,Tooth 8,Tooth 9,Tooth 10
1,-5.494771164,-6.651863037,-7.969071259,-6.709135953,-5.137916843,-4.092892646,-5.056000053,-4.227676743,-4.930371362,-3.915429212
2,-5.253013376,-6.549019605,-7.659646072,-6.562167594,-5.019034241,-3.820295595,-5.043884628,-4.204891484,-4.765780567,-3.697007384
3,-5.398360645,-6.706278426,-7.999934336,-6.791571362,-5.172257838,-4.099556548,-5.13712494,-4.317658794,-5.01955148,-3.89571617
4,-5.504037619,-6.784614352,-8.122308133,-6.70203465,-5.226731222,-4.162934904,-5.087451892,-4.181718829,-4.832477495,-3.63816768
5,-2.087681098,-4.470572596,-5.5597204,-3.446693372,-1.390352417,-0.989604718,-1.873395282,-0.875055937,-1.386822515,-0.374640417
6,-4.967337622,-6.420494526,-7.862539424,-6.521970207,-4.936517529,-3.553107684,-5.3124388,-3.760951123,-4.870963681,-3.441218866
7,-4.497069128,-5.595899792,-7.175272315,-5.958332904,-4.175100492,-2.773450183,-4.844826005,-3.390411139,-3.878361002,-2.67798477
